filename,description
human_eval_005.mlw,"def intersperse(numbers: List[int], delimiter: int) -> List[int]:
    """""" Insert a number 'delimiter' between every two consecutive elements of input list `numbers'
    >>> intersperse([], 4)
    []
    >>> intersperse([1, 2, 3], 4)
    [1, 4, 2, 4, 3]
    """""""
human_eval_008.mlw,"def sum_product(numbers: List[int]) -> list [int]:
    """""" For a given list of integers, return a tuple consisting of a sum and a product of all the integers in a list.
    Empty sum should be equal to 0 and empty product should be equal to 1.
    >>> sum_product([])
    [0, 1]
    >>> sum_product([1, 2, 3, 4])
    [10, 24]
    """""""
human_eval_009.mlw,"def rolling_max(numbers: List[int]) -> List[int]:
    """""" From a given list of integers, generate a list of rolling maximum element found until given moment
    in the sequence. Assume that all values in the given list is larger than -1000
    >>> rolling_max([1, 2, 3, 2, 3, 4, 2])
    [1, 2, 3, 3, 3, 4, 4]
    """""""
human_eval_030.mlw,"def get_positive(l: list):
    """"""Return only positive numbers in the list.
    >>> get_positive([-1, 2, -4, 5, 6])
    [2, 5, 6]
    >>> get_positive([5, 3, -5, 2, -3, 3, 9, 0, 123, 1, -10])
    [5, 3, 2, 3, 9, 123, 1]
    """""""
human_eval_031.mlw,"def is_prime(n):
    """"""Return true if a given number is prime, and false otherwise.
    >>> is_prime(6)
    False
    >>> is_prime(101)
    True
    >>> is_prime(11)
    True
    >>> is_prime(13441)
    True
    >>> is_prime(61)
    True
    >>> is_prime(4)
    False
    >>> is_prime(1)
    False
    """""""
human_eval_035.mlw,"def max_element(l: list):
    """"""Return maximum element in the list.
    >>> max_element([1, 2, 3])
    3
    >>> max_element([5, 3, -5, 2, -3, 3, 9, 0, 123, 1, -10])
    123
    """""" "
human_eval_042.mlw,"def incr_list(l: list):
    """"""Return list with elements incremented by 1.
    >>> incr_list([1, 2, 3])
    [2, 3, 4]
    >>> incr_list([5, 3, 5, 2, 3, 3, 9, 0, 123])
    [6, 4, 6, 3, 4, 4, 10, 1, 124]
    """""""
human_eval_052.mlw,"def below_threshold(l: list, t: int):
    """"""Return True if all numbers in the list l are below threshold t.
    >>> below_threshold([1, 2, 4, 10], 100)
    True
    >>> below_threshold([1, 20, 4, 10], 5)
    False
    """""""
human_eval_053.mlw,"def add(x: int, y: int):
    """"""Add two numbers x and y
    >>> add(2, 3)
    5
    >>> add(5, 7)
    12
    """""""
human_eval_057.mlw,"def monotonic(l: list):
    """"""Return True is list elements are monotonically increasing or decreasing.
    >>> monotonic([1, 2, 4, 20])
    True
    >>> monotonic([1, 20, 4, 10])
    False
    >>> monotonic([4, 1, 0, -10])
    True
    """""""
human_eval_060.mlw,"def sum_to_n(n: int):
    """"""sum_to_n is a function that sums numbers from 1 to n.
    >>> sum_to_n(30)
    465
    >>> sum_to_n(100)
    5050
    >>> sum_to_n(5)
    15
    >>> sum_to_n(10)
    55
    >>> sum_to_n(1)
    1"
human_eval_085.mlw,"def add(lst):
    """"""Given a non-empty list of integers lst. add the even elements that are at odd indices..


    Examples:
        add([4, 2, 6, 7]) ==> 2
    """""""
human_eval_097.mlw,"def multiply(a, b):
    """"""Complete the function that takes two integers and returns
    the product of their unit digits.
    Assume the input is always valid.
    Examples:
    multiply(148, 412) should return 16.
    multiply(19, 28) should return 72.
    multiply(2020, 1851) should return 0.
    multiply(14,-15) should return 20.
    """""""
human_eval_138.mlw,"def is_equal_to_sum_even(n):
    """"""Evaluate whether the given number n can be written as the sum of exactly 4 positive even numbers
    Example
    is_equal_to_sum_even(4) == False
    is_equal_to_sum_even(6) == False
    is_equal_to_sum_even(8) == True
    """""""
human_eval_139.mlw,"def special_factorial(n):
    """"""The Brazilian factorial is defined as:
    brazilian_factorial(n) = n! * (n-1)! * (n-2)! * ... * 1!
    where n > 0

    For example:
    >>> special_factorial(4)
    288

    The function will receive an integer as input and should return the special
    factorial of this integer.
    """""""
human_eval_151.mlw,"def double_the_difference(lst):
    '''
    Given a list of numbers, return the sum of squares of the numbers
    in the list that are odd. Ignore numbers that are negative or not integers.

    double_the_difference([1, 3, 2, 0]) == 1 + 9 + 0 + 0 = 10
    double_the_difference([-1, -2, 0]) == 0
    double_the_difference([9, -2]) == 81
    double_the_difference([0]) == 0

    If the input list is empty, return 0.
    '''"
human_eval_152.mlw,"def compare(game,guess):
    """"""I think we all remember that feeling when the result of some long-awaited
    event is finally known. The feelings and thoughts you have at that moment are
    definitely worth noting down and comparing.
    Your task is to determine if a person correctly guessed the results of a number of matches.
    You are given two arrays of scores and guesses of equal length, where each index shows a match.
    Return an array of the same length denoting how far off each guess was. If they have guessed correctly,
    the value is 0, and if not, the value is the absolute difference between the guess and the score.


    example:

    compare([1,2,3,4,5,1],[1,2,3,4,2,-2]) -> [0,0,0,0,3,3]
    compare([0,5,0,0,0,4],[4,1,1,0,0,-2]) -> [4,4,1,0,0,6]
    """""""
human_eval_159.mlw,"def eat(number, need, remaining):
    """"""
    You're a hungry rabbit, and you already have eaten a certain number of carrots,
    but now you need to eat more carrots to complete the day's meals.
    you should return an array of [ total number of eaten carrots after your meals,
                                    the number of carrots left after your meals ]
    if there are not enough remaining carrots, you will eat all remaining carrots, but will still be hungry.

    Example:
    * eat(5, 6, 10) -> [11, 4]
    * eat(4, 8, 9) -> [12, 1]
    * eat(1, 10, 10) -> [11, 0]
    * eat(2, 11, 5) -> [7, 0]

    Variables:
    @number : integer
        the number of carrots that you have eaten.
    @need : integer
        the number of carrots that you need to eat.
    @remaining : integer
        the number of remaining carrots thet exist in stock

    Constrain:
    * 0 <= number <= 1000
    * 0 <= need <= 1000
    * 0 <= remaining <= 1000

    Have fun :)
    """""""